clean_text,sentiment_cont,sentiment_scaled
population world769 crore india136 crore but rahul gandhi will bring out poverty 25000 crore sala banega bar bar modi sarkar,-0.6652,-0.5321600000000001
means they have already cheated can correct thief and fake overnight impossible again modi would tell the same grandma stories,-0.8689,-0.6951200000000001
"worked its heart out for rich crooks
modi had the list black money holders but refused arrest single person promised ganga arrest criminal politicians within year",-0.7543,-0.60344
"now see the brutality indians and their hate against islam and muslims
why not and sit modis lap sorry for the anger and promote his agenda against because all that people are doing has always been indian narrative",-0.8779,-0.70232
ohh slave unknown how earth rotation happens seems slavery you didnt get good education  look earth rotates cause theres many scientific reasons and where live india modi bringing prosperity country the way make india superpower nation,-0.8023,-0.6418400000000001
100 rejected dejected flop and jobless film personalities urge people not vote for modi ,-0.836,-0.6688000000000001
"their jets are getting destroyed without any solid reasonlooks like pak hitting them with tomatos and that his creating pain for india
nia must investigate this which terrorist pigeon attacking them from behindindia splitting from inside slowlywell done modi ",-0.8989,-0.7191200000000001
congressi aur aapoion bhi alphonso shake nikal raha hai for minutes they thought modi will announce death dawood,-0.6808,-0.54464
india failed educating citizens example below this person doesnt know state and central lists like that malleswaram uncle blaming modi for garbage problem bengaluru ,-0.7717,-0.6173600000000001
modi claims have destroyed leo low earth orbit satellite ,-0.6486,-0.51888
"allowed him due tag prime minister india and not for being narendra modi
stats are such that accused 2002 riots fake encounters criminal background using upas hard work aadhar gst for own benefits did scam rafael and demonetization",-0.926,-0.7408000000000001
accusing modi for having gone pakistan have plate biryani priyanka vadra has proved that she also can stoop down any level the opposition has lost their senses frustrated annoyed and are grinding midi every day basis ridiculous ,-0.8885,-0.7108
modi works remove poverty but congress offered breads poor from national fund per annum,-0.743,-0.5944
also seems blame the secular national congress party for series riots that occurred during their governance defence modi which literally just the same thing blaming the democrats for antifa violence,-0.872,-0.6976
nirav modi statement london court was threatened congress leaders escape and run away from india paid them commission 456 congress leaders now knows why was rushed london when nirav got arrested ,-0.6597,-0.52776
for feeling guilty conscience needed but alas indians have none left with them fully blinded with power and hindu secularism such attitude congress 1937 forced creation pakistan and now akhand bharat moving many parts under modi and bjp,-0.6858,-0.54864
removing cbi alok kumar was betrayal and this betrayal was done bjp and party swami why don’ you question modi,-0.7096,-0.5676800000000001
iaf wanted avenge 2611 but congressupa blocked surgical strike strikes under modi govt congressupa refused allow drdo ahead with antisatellite missile technology mission shakti under modi govt its the political will chaiwala that made all the difference,-0.7964,-0.63712
modi had made advani the president india then you guys would have started hyperventilating about babri masjid seat gandhinagar given his daughter then dynast would been complain you hate modiji’ guts sadhavi effect,-0.7351,-0.58808
"modi walking down hitler’ path’ opposition leaders condemn attack muslim family gurugram
delhi chief minister said the attackers were ‘goons the garb hindus’
",-0.8555,-0.6844000000000001
you are wrong broo bjp pass but congress will fail everywhere muje lagate congress chutiya madarchod congress has not developed country because congress and from gujarat capital gandhinagar gujarat developed state because narendra modi not congress ,-0.7783,-0.6226400000000001
dufferthat time excise and vat and crude prices were lower than todaylet feku modi lower excise vat that high petroleum prices are lowered why feku sarkar looting indians where has money gone into pockets anil ambani choksi nirav modi mallya ,-0.8225,-0.658
lutyens uyghur whats this uyghur again any hindutva goons tried attack ohhhh  lets blame modi and rss,-0.6705,-0.5364
modi lead bjp gathbandhan has lost the 2019 parliamentary election due arrogance abusing opposition rafael demonetization cagand harassing opposition with the tools cbi income tax fera and jumlebaazi,-0.9042,-0.72336
you are wrong defeat narendra modi else amit shah will forever ,-0.7269,-0.58152
these bank accounts were opened modi how shamelessly said going give money bank people his family made poor poorer and talks about welfare schemes clown cant think original ideas,-0.8386,-0.67088
modi sir didnt expect our internal scamgress terrorists support porkistani terrorists failed that,-0.8689,-0.6951200000000001
should not hide behind convenient word play this blatant abuse power and violation rules modi making mockery this election and the election commission thats managing ,-0.7771,-0.62168
choukidar means daythis modi days modi finished brokers cheating illegal works our country some brokers suffering from modi why only because modi always against illegal works some brokers against modi now har modi ghar ghar modi jago hindus jago,-0.9313,-0.74504
modis track record yrs much better than the yrs record nehru indira rajiv sonia taken together lets debate shekhar but know youre suffering from selective amnesia and will never accept challenge,-0.7437,-0.59496
noticed and make them silent when they start asking their rubbish questions what modi did modi did what your congress never did their 70yrs rule modi did this you can make new lies and not carry your old ones public get bored your same old lies,-0.7717,-0.6173600000000001
jaipur man booked for sedition over death threat narendra modi facebook ,-0.8779,-0.70232
the diu modi taklu shah cannot dare tell about their work last yrs during this govt time unemployment farmer distress crony corruption price rise poor edn health care has increased they are diverting attn misleading peopleshame,-0.7783,-0.6226400000000001
leader javed ahmed rana has said that had the power would like put prime minister narendra modi behind the bars charges murdering all those who have been killed these past five years read more ,-0.8555,-0.6844000000000001
modis address market volatility reveals note ban fear still looms large ,-0.8126,-0.65008
the poorest the poor whom kanhaiya said representing can afford collect lakh hrs then indeed achche din has came under modi,-0.765,-0.6120000000000001
let them release its pathetic tat even people who modis die hard fans will shudder ,-0.8402,-0.67216
and you thought china misusing biometrics for citizen policing bad here neo distopia china building database dna for all uyghar citizens imagine the outrage modi govt even talked about for kashmiri terrorists naxalites ,-0.8979,-0.7183200000000001
after pakistan wouldn’ dare instigate civil war revolution india but swain create internal crisis give modi reason impose emergency tries another assured they will prison before you can oink ,-0.9306,-0.74448
"see how mentally ill
cowards abusing our leaders modi indias mahamari",-0.7003,-0.5602400000000001
this how bjp instills hate when ground they fail then they make fake ids muslim names try prove muslims support modi ,-0.8225,-0.658
"more than terrorist and pakistan want you loose badly feku modi
",-0.8773,-0.70184
listened modi speeches today very very very boring what will say the coming days subscribers for his opposition bashing must ask for votes his achievements where are jobs what about farmers distress ,-0.7604,-0.60832
modi republic bharatit congress tactic keep repeating the poverty scheme ideology before polls nehru spoke about poverty did rajiv and then sonia gandhi followed suit and now even rahul gandhi,-0.765,-0.6120000000000001
"according the survey about percent indians believe that pakistan threat the country and coincidentally the same percentage are worried about lack jobs
",-0.7845,-0.6276
"perhaps she telling the truth
for the last years many people were predicting modi would create war like situation with pakistan just before election 2019 had miserably failed all counts",-0.6597,-0.52776
looks something terrible happening them all asses under fire everyone them making noise and above tweets these guys must literally awake daily after 3am cos all strikes modi happened that time only,-0.7906,-0.63248
they are calling modi rapist when their own party president who had been accused this crime and the victim from amethi whose father was incidentally inc worker disappeared with her family,-0.9104,-0.7283200000000001
please remove fakendra modis chor and incompetent corrupt nautankiwaj coward fearful makkar government,-0.7906,-0.63248
hey either you lied 2012 chowkidar narendra modi lying today which note issue date may 2012 ,-0.7184,-0.57472
cong was perceived corrupt rightfully voted out modi promised good days but has failed the mandate nothing agst anyone just india comments actions only modi opaque dishonest corrupt dictator whimsical greedy power any cost,-0.8834,-0.70672
when say india weaker than chinaim comparing all the public data available about military hardwareresources skills available bothwhen saying todaymodi can beat pakistani dont see any decrease power part pakistanthey still have armed warheads,-0.4404,-0.35232
will absurd too compare this loser and backstabber with modi,-0.6124,-0.4899200000000001
really politician has been abused and trolled everyone especially your much modi,-0.5106,-0.40848000000000007
this very unsportsmanlike shivsena through your editorials criticised bjp including modi shah personly like anything years someone responds you are crying sport,-0.5267,-0.42135999999999996
certainly modi involved more rapes than else why wouldnt they make akbar the and replace his position with modi ,-0.5256,-0.42047999999999996
what think becoz modi heat wave don’ worry will get hotter soon and sure will sweating like hell ,-0.5719,-0.45752
search the arguments given lawyer nirav modi london court ,-0.4019,-0.32152000000000003
under modi raj women faced unemployment rate 189 ,-0.4404,-0.35232
many software engineers have turned anti modi anti bjp recent time influence eco system,-0.5574,-0.44592000000000004
only modi can develop north east india and reduce the threat accession china because congress has done nothinhg for north east india decades,-0.5267,-0.42135999999999996
there not much left destroyguess who did most the damage ,-0.539,-0.4312
"rafale deal row modi says there shame standing with industrialists source youtube via dailyhunt download now
",-0.4767,-0.38136000000000003
see the face modi criminal want avenge someone you forget about gandhi family you couldn’ even look after your family now shouting against others family ,-0.6124,-0.4899200000000001
modi shah ruled indianow rulling bjp plan may shah becm mpthen cmof gujaratafter ths election bjp will through big defeat modi may take break from politics chain events happining ,-0.4588,-0.36704000000000003
2009 with just jdu bjp and that too without modi won 3240,-0.4585,-0.3668
apparently rss and modi fanboy also womanizer abuser and woman beater given the overall misogynist mood fits right ,-0.5574,-0.44592000000000004
years modi raj and that poor not gullible guy couldnt afford footwear thats the extent modis developmental programs highly doubt ,-0.5835,-0.46680000000000005
tej bahadur contesting against modi from varanasi you consider yourself true nationalist you would vote for actual jawan instead the liar politician who exploits jawans for votes how’ the josh,-0.4404,-0.35232
just declare your finances first can worry about modis marital status later,-0.4404,-0.35232
should vote modi for national war memorial after years ,-0.5994,-0.47952000000000006
» modi’ middle east deals snub iran – foreign policy ,-0.4215,-0.3372
modi the biggest scam india has seen,-0.5719,-0.45752
the nyay scheme has the twin objectives giving money the poorest families india remonetising the economy damaged demonetisation says rahul chal jhoota  ,-0.6124,-0.4899200000000001
another road block for “modi”,-0.4404,-0.35232
scientist saraswatex drdo chief who part the modi governments niti aayog rss headquarters was involved financial irregularities while drdo there another scientist madhavan nair isro chief who was allegedly involved ₹578 crores antrix scam,-0.5719,-0.45752
former nsa shivshankar menon says drdo head never sought permission for asat test everyone associated with modi govt are turning blatant liars and concocter,-0.5267,-0.42135999999999996
bsf jawan who raised food alarm fight varanasi read ,-0.6124,-0.4899200000000001
"‘oppn scared chowkidar people trust’ assam modi targets rivals via namo app
",-0.4404,-0.35232
varun aisi taisi modi gandhi corruption and left can understood but what this aisi taisi democracy sounds very very dangerous what kind ideology this which openly slam democracy are looking for alternative here ,-0.5286,-0.42288
ां्ेी्ि modi’ cruel demonetisation made millions indians jobless time for payback and make modi jobless ,-0.5859,-0.46872
this issue comes days after the railways was found violation the poll code for issuing tickets with modis pictures them narendra modi ministry railways government india ,-0.4939,-0.39512
you are calling all people chor who are with modi you are forgetting that you politicians beg for vote front all these chor people call them shame you,-0.4767,-0.38136000000000003
india election 2019 modi says india now space power bbc news and sadly still child malnutrition superpower ,-0.4215,-0.3372
modi contest then can winotherwise one else can defeat familyb there,-0.4588,-0.36704000000000003
nobody believes the corrupt gandhi family after cheating indians for years that why vote modi again ,-0.5574,-0.44592000000000004
knowshe will punished for his gold scamnirav modi getting caught soon,-0.4588,-0.36704000000000003
could ask you questions about the state the economy about the number farmer suicides which have not decreased over the last five years about the continued destruction the ganga that modi promised rejuvenate about unemployment being 45year high india,-0.5859,-0.46872
modi doesnt need cant get spbsp allies rahul could have got ldf ally think major thing that rahul trying maximize congress while ignoring what ldf will think,-0.4019,-0.32152000000000003
weapon system must strike target least 800km above the earths surface for considered antisatellite weapon indias hit its 300km meaning was less asat test and more election stunt ,-0.5994,-0.47952000000000006
remove congress poverty will also away says modi live updates ndtv ,-0.5106,-0.40848000000000007
must listen says modi government trying divert attention from real issues hide its own failure ,-0.6124,-0.4899200000000001
thats exactly why all these lowest creations are joining together fight against modi despite their vengeful differences,-0.3818,-0.30544
why this coward didnt join the dynasty the last couple years least when was very clear that modishah arent even giving him pinky finger forget ministry seat ,-0.6035,-0.48280000000000006
did took the name his party and whats wrong addressing his nation and second part upa govt denied the permission and fund whereas modi gave the same soon came power ,-0.5106,-0.40848000000000007
for dumb question the answer yes modiji works only for elections love some more bad news for modi haters getting thumping majority,-0.5256,-0.42047999999999996
lost its shame and pride abhi modi pair padi hui,-0.4588,-0.36704000000000003
congress lying you bro modi doesnt hate muslims modi hates radical muslims modi asked mohd bin salman release million indian muslims saudi arabia who are jail they did not know arabian laws,-0.5109,-0.40872
"now congress have explain that why this party discouraged indian missile devlopment programme shame you
",-0.397,-0.31760000000000005
get representative who can lead india other than modi think really hard indian and speak not him then who and lets not take about puppets who only embarss you wen they open mother whose history brought limelight will shame mother india,-0.5849,-0.46792
"rss declares war modishah
",-0.5994,-0.47952000000000006
you mrraghuram rajan doesnt doubt international statistics what does mean means even poor people has earnings that mean poor people too has jobs under shri narendra modi jis governance job market growing under shri narendra modi ,-0.5252,-0.42016000000000003
"today the chowkidar reduced the highest post the indian government that lowly govt spoky 
",-0.25,-0.2
"politics has two rrs reel and real
modi said was reel rahul said real 72000 yearly acceptable lakhs each account unacceptable did anyone receive lakhs there account ",-0.1779,-0.14232
what happened you run away from modi jumlabazi andh bhagat andhda raha besharami haad come real issue stop jumlabazi jai hind  ,-0.296,-0.2368
congress always relies gandhi nehru indira rajiv godse savarkar then drdo russia and china antisatellite and will blame hindus who voted for bjp ,-0.34,-0.272
done for the day modi confuse kar diya aaj  ,-0.2263,-0.18104
was corrupt sonia was corrupt too modi ever has same tendency future will jail too relax and stop worrying about modi ,-0.1779,-0.14232
this the best phase going worst will the second third term coz neither forgets his friends nor forgive his foes ,-0.1994,-0.15952
her husband used get commission from mnrega once modi came power all middle men were removed and this lady lost her commission,-0.3182,-0.25456
not understand why everyone right from congress party communist etc are vehemently opposing modi every action him being questioned and has been criticised for almost everything everyday can somebody explain the reason,-0.128,-0.1024
kept the country deprived national security welfare development honest governance talking about eliminating the poverty cmon people make the right choice bring modi back ,-0.1779,-0.14232
dude every time you call yourself apolitical political satirist real one put shame keep simple call yourself anti modi activist still sounds better than communist ,-0.3612,-0.28896000000000005
modi also live for few years only like you not god like you without modi also india will move with 130 crores brothers and sisters,-0.1088,-0.08704
"the truth
•india’ demonetization debacle
the country’ bungling effort cut down cash has undermined narendra modi’ credibility
sadanand dhume
",-0.3182,-0.25456
you are stupid think that people france can only read international media and cant follow indian news media follow both thats why know better information modi bhakths will never accept the truth know well,-0.3707,-0.29656
via modi india shot down low orbit satellite ,-0.2732,-0.21856
lack general knowledge son world leaders know and say that only modi stood against china made china retreat from doklam some research son,-0.128,-0.1024
filth your face and attitude why should madhavan tell ways when have 100s ways find out the truth about modibut wouldn’ that instead will attack madhavan,-0.2023,-0.16184
again suspense from modi will addressing nation within hour aise lag rha movie bna dia nation chowkidari charam ,-0.34,-0.272
"like blind followers least modi followers read and then follow never said will give 15lakhs
but hey how can say anything against pidi
sorry bro",-0.1406,-0.11248000000000001
isro chief madavan nair hails for showing the political will for mocks modi theatrics understands the difference between leader and joker thats why joker opposition ,-0.25,-0.2
why shoot the buggers ,-0.34,-0.272
give days and demonisation proved wrong will gladly accept whatever punishment the public want give modi 2016 why are you choosing him instead nation then  ,-0.25,-0.2
sirs varanasi substation number provided online are all nonfunctional how does one get through the departmentwill these departments ever live the work culture exemplifies distressed citizen,-0.3612,-0.28896000000000005
and yes any alien will catchd you thn dont say please help ,-0.1331,-0.10648
wasn’ that expected linking the upcoming movie “ narendar modi” with election and filing writ petition get stay order try everything you can but and will unstoppable force,-0.296,-0.2368
this the condition congress blind bhakts modi despite fulfilling everything said fenku for them and announcing which despite being impractical visionary for them and they call modi supporters bhakts illogical ,-0.3769,-0.30152
have seen many such empty chairs 2014 also fact vote will the name modi and has not yet started the wet dreams this chota mota jain and others will shattered 23rd may,-0.296,-0.2368
because was rajyasabha member from congress used his privileges and ran away but modi made sure does come back and get the punishment for the mess has created,-0.3182,-0.25456
trying hard show there some issues between bjp seniors and modi all seniors are above and are fine with leaders meanwhile gandhi himself said congress should never political party but you guys keep his photo and politics ‍♂️,-0.1101,-0.08808
isme modi kaha mix diya just because also gujju you cant extend this previlage har dik,-0.1326,-0.10608000000000001
didnt see mention vijay mallya there though dont you trust modi modi investigated congress leaders thoroughly and they didnt find any corruption they got bail dont antinational not trusting modi,-0.1953,-0.15624000000000002
was told that modi was not known outside gujarat 2014 prove point contested from varanasi has cultural significance and gave him seats for his decision are history here prediction will lose amethi prove picking wayanad ,-0.1531,-0.12248000000000002
manish how much rupees paid you courrept kumar swami for doing dalali raid conducted income tax department lot black money found with benami propertynow jaichands like you says its conspiracy modi government,-0.2263,-0.18104
balakot air strike never thought about political future says modi ,-0.128,-0.1024
but this time modi again dont want any chowkidar chaiwalawe need leader lead our country,-0.0857,-0.06856
all nationalist leaders who saved respective nationscultures from genocidal invaders these nincompoops will pick hitler for theatrics while euuk are suffering demographic invasion from those who hate every nonbeliever hes expecting darwins einsteins,-0.296,-0.2368
bjp has taken the people bengaluru south for granted vote for the candidate not modi wont come listen our issues and this guy just kid will not send someone who will shame ,-0.2732,-0.21856
modi the prime minister first then from bjp why opposition worried has not previous prime ministers addressed the nation any new development like 1st satellite launchfirst missile launch pokhran pokhran iiits called modi phobia ,-0.3182,-0.25456
madam think you have lost big way she knows what modi have done for divyang,-0.3182,-0.25456
very foolish scheme will workless people dont have any vision for creating jobs industries this will only one person can modi hai mulin hai bye pappu,-0.2342,-0.18736
"
congress has work hard reach the voters with because media will not going help congressbecoz media functioning pet modi ाेशबचा ौीाीोै ",-0.3732,-0.29856
vivek oberoi absolute master doing villain roles eagerly waiting for narendra modi biopic ,-0.25,-0.2
now that amar singh singing modi dhun his whole gang might start changing color one one opportunist vultures,-0.2732,-0.21856
media also have never ask modi many critical issuespoints related country his degree other issues,-0.3182,-0.25456
common things among them are looted the nation enjoyed prior 2014 during congress era had shut down their business ran away during modi era exile they are either pleading pay back arrested pleading escape arrest citing medical issues,-0.2263,-0.18104
"these people expect everything from modi onlybut wish have his opponents power
hey will you feels some shame",-0.1027,-0.08216000000000001
not with modi first human being and then indianbeing inhuman not patriotism boy you been taught wrongly the sakha which the biggest anti national hubs the country supporting modi any one wants anti nationalists modi,-0.1779,-0.14232
sir the time mumbai attack your government taken self safety pills and done nothing modi doing good nation wants apploude him again fully prepared this time ,-0.1313,-0.10504000000000001
"has clarified the agenda his party per his recent remarks the only thing they will they got chance form govt scraping the institutionlawsdeals those were finalized and set under modi govt
fortunatelythis fool going lose another election",-0.2263,-0.18104
ncbns speech kadapa accusing modi really very sad state affairs noted good administrator lacks basic ethics well does not have any after sharing dias with rahul sometime back disappointed,-0.1708,-0.13664
and then dare modi implement ,0.0,0.0
modi more publicity minister than prime minister rahul ,0.0,0.0
full text narendra modis speech mission shakti and indias asat missile ,0.0,0.0
live aap modis interaction with people across india ,0.0,0.0
"
modi bjp leaders neck deep corruption have added chowkidar before their names pretending custodiansthis tragic and insult the real chowkidar but people india will not fooled they know that chowkidar chor modi",-0.0449,-0.03592
but they still exist inspite the notifications dynasty dynasty whether ’ local national what’ qualifications maneka gandhi who sitting minister modi govt also her son,0.0,0.0
did they just revamp 2011 news make highly sensationalised announcement  and now bhakt junta will call modi space chowkidar also when asat capability has been available since 2011 ,0.0,0.0
yes the film will such embarrassment for modi and bjp third rate acting and grade portrayal,-0.0516,-0.041280000000000004
this governor independent india ,0.0,0.0
link for first minutes ,0.0,0.0
believe its the same way how says you are modi you are against india same same ,0.0,0.0
let see whether they show only modi others too will decide,0.0,0.0
modi diverting ppl attention from something fishy must going somewhere india ,0.0,0.0
releases list two candidates for ram kumar contest from kanpur and rambhual nishad contest from gorakhpur lok sabha constituencies read ,0.0,0.0
this what will happen modi future,0.0,0.0
chidambaram during congress regime didnt know who was but now whole world knows modi that not puppet,0.0,0.0
only one gamechanger 2019 lok sabha polls and that narendra modi arun jaitley ,0.0,0.0
even young neophyte politician like could anyday eat prime minister for breakfast oneonone debate his pathetic record years power that why engages rantandrave noninterview,-0.0516,-0.041280000000000004
modi india will again 2019 elections ,0.0,0.0
cpi marxist writes election commission over modis address the nation today mission shakti statesthis announcement comes the midst the ongoing election campaign where the himself candidate this clearly violation … ,-0.0194,-0.01552
correct only under modi institution independent,0.0,0.0
narendra modi hollowing the country modi works only for tycoon businessman,0.0,0.0
ashutosh not all mental slave family modi unbeatable from anywhere india,0.0,0.0
when same did modi was masterstroke ,0.0,0.0
"modi targets rahul gandhis temple run rajasthan source aaj tak via dailyhunt download now
",0.0,0.0
will get absolute majority under modis leadership nitin gadkari full interview here ,0.0,0.0
modi interact with chowkidars part main bhi chowkidar campaign india news times india ,0.0,0.0
modi government will remove all intruders from bengal shah ,0.0,0.0
what are with modi ,0.0,0.0
the need india everyone should working for modi once again,0.0,0.0
declares space superpower downed — ,0.0,0.0
priyanka gandhi who had thursday triggered wild speculation across political and media circles with her offhand remark that she was open contesting from varanasi further heightened the buzz with her remark ,0.0,0.0
today modi addressing the nation ,0.0,0.0
not ashamed make allegations against modi without any evidence that protecting jagan all the cases are court charge sheets were filed cbied trials are going how can interfere court cases there are higher courts appeal have problem,-0.0377,-0.03016
े ी ुा िा ेो ़ो समझो what modi did not tell you address nation india had achieved asat capabilities way back 2012 via ,0.0,0.0
new delhi goair has withdrawn its boarding passes with photographs prime minister narendra modi and gujarat chief minister vijay rupani the airline said ,0.0,0.0
northeast with modi,0.0,0.0
you are with modi you with india and you are antai modi you are antai india ,0.0,0.0
thought was modi who invited the isi inspect our airbase,0.0,0.0
balanced coverage expected from nation birthed lee kuan yew  india shoots down satellite joining space superpowers modi ,0.0,0.0
how election commission allowing modi photo for advertising things during election time this done guindy railway station chennai ,0.0,0.0
2nd the list modi amit shah follows next ,0.0,0.0
actually modi shows the actual power indian prime minister otherwise manmohan singh was only effigy soniya gandhi,0.0,0.0
"india have already but tested today
this the counter nyay scheme
modi first who read drdo press release
bhgwan bhla kre",0.0,0.0
the country shd ’ hands ths ppl who rulled decade and nation still under development the nation needs modi again ,0.0,0.0
then dont let modi get away without fulfilling lets make him for another terms,0.0,0.0
"
nyay scheme will remonetise what modi demonetisedcongress president ",0.0,0.0
"live the ministry external affairs said statement that india has intention entering into arms race outer space
more updates ",0.0,0.0
"there are three types prani the earth right now
parrot tain tain
rahul gandhi rafel rafel
arvind kejrival modi modi ",0.0,0.0
now you genius dont say that this awfulness devolved india under modi regime,0.0,0.0
whats achievement modi here heights,0.0,0.0
ajji haann aur tumhaare baap desh nahi hai sudhar jaaaooo you guys are the biggest antinationals all time open your perspective little modi not india and india not modi never expected this from young lad ,0.0,0.0
ppl telling modi said will give lakhs crore loan waive off just shows that quality education not upto the mark ppl are educated but are ending with absolutely brains even basic common sense many pappus the country,0.0,0.0
this another feku and jhoot the italian family bcz under modi already everybody earning above 84000 annually india dey will only provide annual income less than 72000,0.0,0.0
lok sabha elections 2019 modi kickstart lok sabha poll campaign from meerut today lok sabha elections hindustan times ,0.0,0.0
don’ and joins bring modi again and people must ask the question what happened during five years where ,0.0,0.0
"probjp pages not only spent over 4cr political ads facebook month but are also offering tshirts exchange for vote for modi reports
",0.0,0.0
modi sir yours transparent governmentpeople india expect thatjai hind,0.0,0.0
modi has done this just because its election time after elections they will remove him from the list ,0.0,0.0
6600 baat galat aur apke aur hamare pure desh mananiya shri modi ghumne gaye uska natija pakistan jake pucho see the basic difference time 2611 and pulwama juth felana band karo aur why congress was not given permission for space shakti,0.0,0.0
peoples amethi must use theirs own brain experiences and what they are experiencing for years and modi government has done,0.0,0.0
may modi raj job paya govt job,0.0,0.0
actuallywe need modi again,0.0,0.0
are all bjp workers modi should become governor kalyan singh times india ► ,0.0,0.0
agree with you but modi the one who keep bashing nehru for everything wrong today without nehru might have been like somalia something and should acknowledge that,-0.0387,-0.03096
one one gandhi telling what plans  one one modi telling how nehru didnt let him work  ,0.0,0.0
such type people should hanged pak understand only one langvage thats modi langvage,0.0,0.0
modi addressing the nation live ,0.0,0.0
"announcement mission shakti highlighted ’ capacity for mass messaging
",0.0,0.0
"but according you all
modi will loose poll battle then you see your house sibbal you win why not you should instead talk your plans will talk about their grow ",-0.0387,-0.03096
and was just waiting for the election rescue the poor people those are suffered during last years they have saved the schemes for last years use against ,-0.0516,-0.041280000000000004
was waiting for the comments jai jai modi ghar ghar modi,0.0,0.0
should vote modi for ews reservation ,0.0,0.0
london the stage set for busy period indian extraditionrelated activity the courts liquor baron vijay mallyas high court appeal moves forward for ,0.0,0.0
bcos modi you are getting full data pack 399,0.0,0.0
modi hails indias arrival space power after shoots down satellite test,0.0,0.0
bjp will get seats uttar pradesh bjp will get 150 seats across india the nationwide angst against modi being hidden editors delhi,0.0,0.0
swachh bharat mission taking rapid strides under modi govt via namo app ,0.0,0.0
even modi cant write tries honestly however diharidaily wager can write lot inflate their earnings pamper motabhai for next day work btw also dihari yes sorry,-0.0207,-0.016560000000000002
modi tsunami shall wipe them all,0.0,0.0
then modi should counter press conference,0.0,0.0
narrative has been change its modi again 2019,0.0,0.0
wordcloud modis speech for the really ,0.0,0.0
because three people that say modi will again elected the prime minister modi amit shah and rahul gandhi bjp national general secretary ,0.0,0.0
didn’ get this logic did modi shah the calculation their own there must somebody who put the numbers together isn’ ,0.0,0.0
voted for modi woh,0.0,0.0
modi mumkin salute our scientists,0.0,0.0
only modi government,0.0,0.0
and out modi,0.0,0.0
modi too back inter sticks masters entire political science ,0.0,0.0
rift widen tripura bjp shah and modi come for poll campaign ,0.0,0.0
leader goes hammer and tongs against meeting ,0.0,0.0
modiji had said eliminate black money from the root then the money note that had become blackened with blood and sweat the demonetizationthose money was replaced new moneywah modi wah ,0.0,0.0
waiting for rally this star campaigner and people shouting modi modi,0.0,0.0
opinion now should have already happened with modi the helm possibly not happening because inept ministers heading the department maybe next term will happen,0.0,0.0
why doesn’ modi talk about his government’ achievements because there are none ाा ,0.0,0.0
desh liye kya kar sakata hai you have not single point stand against modi modi for ever,0.0,0.0
that costume and that action ,0.0,0.0
drdo had started work 2010 years work minutes test and chest thumping modi and bjp least till elections couldnt have been more strategic timing ,0.0,0.0
you are always crying modi destroyed the democracy but original culprit you,-0.0516,-0.041280000000000004
seems you didnt understand statement said was check how modi government eliminated the leakage using aadhar,0.0,0.0
guard that india gets modi again and forever ,0.0,0.0
planning produce more malayas and nirav modis bring coalgate cwg 2g20,0.0,0.0
sir you only you are our modi always need you for the devlopment paschimi delhi our country,0.0,0.0
taxes modi film,0.0,0.0
sorry say modi jee voted that shld throw out curruption from root but might our expectations was wrong did wrong promise and base promise have made voted won and never full filled promises ,-0.0711,-0.05688
during congress rule when asked children what would you become future answer was doctor engineer teacher police this modi era bhakts and sanghis will ask children become chaiwala pakode wala chowkidar,0.0,0.0
answer why does modi travel charteredgovernment aircraft when many people the country not get one square meal day,0.0,0.0
"its unfortunate hear that indias gdp nos not reliable and not believed investors
also ground levelif gdp growingwhere new jobs
thanks moditeam ",-0.0258,-0.020640000000000002
sfio has challenged the december last years order delhihc which had granted bail managing director adarsh credit cooperative society mukesh modi and rahul modi who were arrested the agency,0.0258,0.020640000000000002
"raghuram rajan one the one had criticizes modi saying the govt scope too big bureaucracy big etc
and the same time supports rahul gandhis minimum basic income scheme funded the govt run the bureaucracy
heights hypocrisy
",0.0258,0.020640000000000002
once congress officially said ram does not exists now they want want ram mandir contruction and roaming all over the country becoming pseudo janeu dhari hindu politics insan kya kya karva dwti after this ask what modi did for hindus ,0.1531,0.12248000000000002
even nehru suggested this idea long back during 5162 but due lack satellite they kept rest all ready but manmohan changed the board was too old and modi press the button after replacing the new board,0.0772,0.06176000000000001
the greed incompetence and obstinacy and overconfidence some the dtatenunits congress proving blessing for congress and our country will served better holds abeyance some the atomy has afforded the state units ,0.0258,0.020640000000000002
would pick fascist like modi anyday against ostich herd tiger mom driven weed smokin delusional layabout without single decent act his credit ,0.128,0.1024
one more term for modi and this will become reality south should vigilant though telugu states especially shouldnt turn into what karnataka has become today,0.1779,0.14232
fully vindicated modis statement vijay mallya … faces extradition india fraud and money laundering charges … was big win for india you mustve … ,0.2484,0.19872
nothing empty vessels sound much what could they when nirav fled along with another example going now ,0.1511,0.12088000000000002
its legal modi did ,0.128,0.1024
for chowkidar representative mahatma gandhis concept trusteeship modi main bhi chowkidar event ,0.128,0.1024
there compition here man modi far far ahead this race can liye being constitutional post even having responsible for country law and order could even talk about other peoples wrong doing lol dont think any past did ,0.25,0.2
ppl pakistan should never trust anyone who’ hand covered with blood muslims modi that person,0.1275,0.10200000000000001
either fool rajan crook gave modi list who was friend guide philosopher modi were they drinking buddies even know how system operates,0.0772,0.06176000000000001
"the now indian modi railways you dont know anything 
jaldi india logo indian nahi chowkidar kaha jaayega sarcasm please have look",0.1027,0.08216000000000001
hope but thats what heard even when vajpayee was campaigning and then modi 2014 but after the election are over bjp forgets ,0.2382,0.19056
⁦ ⁦ ⁦ all relevant issues addressed expose rahul highlight what modi govt already delivering ,0.2023,0.16184
its only matter time before sanghi say narendra modi was the brain behind ipl anything possible the sanghi world,0.0258,0.020640000000000002
lol did take benefits then hate modi arent ashamed benefits sabko chahiye usme peechhe nahi hatenge but galiya bhi denge modi ubrbabtrue hater then take benefits,0.0606,0.04848
guess bank only for the service the likes nirav modi sorry shudnt complaint,0.0772,0.06176000000000001
"think its because modi hindi imposition
btw settings top right corner ",0.2023,0.16184
hope you are getting handsome amount from upa for this worst class analysis where the analysis mudra loan benefit against job loss where indian defence development where corruption analysis and last but not the least aayega modi famous chamche,0.1686,0.13488
modi sir has been greatly beneficial for the nation within such short period think rational manner before you cast votes else india will looted again the selfish traitors,0.024,0.019200000000000002
chowkidar isnt about uniform nor about about being tied spot its spirit modi ,0.1779,0.14232
indian prime minister has become joker indian election commission narendra modis every word opposed congress party chief fake hindu titled gandhi where neither hindu not christian nor muslim rahul breed from quatrocchi,0.0258,0.020640000000000002
modi shake hand with imran then media pakistan wrote here write for cong kejriwal this news clearly showing son shiva narender modi fuck pakistan really ,0.1779,0.14232
resident bangalore south would like understand what prompted you make the statement that the air strike was fixed match between modi and imran khan,0.25,0.2
did some people say modi looking defensive these days  ,0.0258,0.020640000000000002
you now that corruption legally foreign funding election did one can ,0.1027,0.08216000000000001
compares modi shah duo tumour his rally visakhapatnam demanding full statehood for delhi and special status for accompanied and stage ,0.2023,0.16184
its sad that prime minister narendra modi calls our countrys politician poster boy pakistan what kind image portraying front the world ,0.0772,0.06176000000000001
ohh its truth but modi chokidaar chor ,0.1655,0.13240000000000002
india has shot down live satellite space its own part defence missile exercise ,0.1027,0.08216000000000001
still rumour but very strong rumour rss extremely unhappy with modishah,0.1901,0.15208
tips for journalists not recommended for cheerleaders masquerading journalists courtesy ,0.0052,0.00416
the one who gave that answer must crazy fellow isnt getting the pulse yet modis popularity there just ,0.1779,0.14232
"its was not what think the chanting modi modi modi was for the modi jokes
which didnt want hear",0.1969,0.15752
vote not business  and will vote for the best candidate constituency modi had five years and know what has done lynchings unemployment demonet will chose mnrega anyday haven’ made any new point ubi not sure wat will debate with raga,0.0869,0.06952000000000001
just for once gather some guts and say that you are antimodi you were not interested what says then why did you wait for long you were interested then wait was never long simple logic,0.1134,0.09072000000000001
modi playing politics over antisatellite missile capability mayawati ,0.2023,0.16184
why drdo was not asked why bjp announced all channels that narendra modi shall address nation why used unofficial channels party channels make announcement whole india many points shall posted eci this regard ,0.4019,0.32152000000000003
ohhhhhhkkkkkk very important message the nation address starting ten nine baar phirse  ,0.2716,0.21728000000000003
here why narendra modi credited songwriter modi journey common man ,0.3612,0.28896000000000005
most indians see little progress key issues over past years under modi sarkar pew research center report this the modiji ,0.3626,0.29008
surprised see how come our keep himself much fit and updated order counter the consolidated opposition attack headed raga and like minded followers akela modi sab bhari ,0.4215,0.3372
"
every citizen who working hard honestly contributing towards change society chowkidar let all part this change along with pledge contribute nation building",0.3818,0.30544
don’ revolve around modi like cbn for everything thing when know thinking not right you will correct time will tell this not productive now feel need pass time then will text ,0.3612,0.28896000000000005
the great trap ways congress has walked into unthinking opposition the has ceded large swathes electoral ground the before the 2019 general elections ,0.4215,0.3372
nirav modi vijay mallya share same jail cell judge’ read more ,0.296,0.2368
indeed watching modi live visual treat ,0.4019,0.32152000000000003
"rahul gandhi talks about economic issues
modi depends jumla movies for diverting the attention unemployed youth
only evm shd help modi under the ever obliging election commission",0.4019,0.32152000000000003
working freelancer since 2010 income never more than year when modi started mudra yojana tried take loan for business but done many rounds bank for collecting document and convincing branch manager then last stopped take loan ,0.4118,0.32944
just few minutes back rss people come home and specifically asked vote for modi also told them specifically that will never waste vote for chowkidar chor hai vote congress,0.3252,0.26016
the share regular wagesalaried jobs for women the plfs 201718 shows registered rise since 201112 ,0.296,0.2368
you area youth come join modi and sweat bit all these work happening ,0.296,0.2368
when modi doing press conference take credit,0.3818,0.30544
rightmay not for modi not stating one over another that his behavior non divergent wrt communitiesunlike rahul opting fetch communal benefits,0.3818,0.30544
yes your home phd fcuking your mother  ,0.4019,0.32152000000000003
people india should see like every seat modi only contestinglike how arjuna sees only birds eye,0.3612,0.28896000000000005
anyone with common sense wud get that gadkari recites his ministrys expenditure figures tell that jobs are coming didnt prev trans ministry spend money want them read 10k pages and claim jobs modis team has used phrase recall value name and advertise,0.4019,0.32152000000000003
for better sense rahul should contest from varanasi modis popularity hoax more over rahul can bring back old varanasi and the dirt along,0.3612,0.28896000000000005
narender modi has done his job granting permission for this mission while previous government was unable this,0.3182,0.25456
modi already giving lac for medical lac for house for farmers— total approx 8lac they why for bluff 72k pappu,0.34,0.272
"‘ you don’ vote you have right complain’ parineeti chopra ekta kapoor sidharth malhotra strongly respond modi’ ‘vote kar’ election 2019 initiative
",0.2732,0.21856
doesnt have pakistan next door after like modi does same playbook though,0.3612,0.28896000000000005
india has achieved unprecedented achievement today today india has registered its name space power far russia the united states and china received this status now india has also achieved this achievement narendra modi ,0.4215,0.3372
antimodi ‘thingies’ get ready for your faces bite the dust may 23rd  ,0.3612,0.28896000000000005
why isnt your watchdog savior modi seems like radicals sbare your opinions,0.3612,0.28896000000000005
request keep egos aside fight against bjp one voice chowkidar chor hai defeat modi shah duo after winning congress should grant delhi full statehood please its request nation cannot afford another years with modi ,0.3818,0.30544
the fifteen lakh number said modi 2014 big lie rahul gandhi said its 72000 crore per account now modi should promise will bring these 72000 crore every bank account ,0.3818,0.30544
"because they are modimediaor chamchamediachormediamafia
they all are the bjprsss vote campaignersthey all are proriotersprolynching antifarmers
antimazdoors
butalas all indians know truth from the promoditerrorist mediamafiawings",0.3182,0.25456
means agree that modi has pay tens thousands crores old paymentsgood,0.2732,0.21856
what doing not doing people india least concern about that would like know there any roadmap have fight against modi modi capable enough advertise himself dont advertise him your tweet too ,0.3612,0.28896000000000005
nation must known during upacong rule how planning commission focused lakh for luxurious toilet only planning commission building second side narendra modi government make toilet for common citizen india this the difference ,0.3818,0.30544
you have any proof that modi had committed 1500000 what had actually talked why you are bluffing jumla rahul the grandson feroze ,0.2732,0.21856
you check his history promises mister his name not modi,0.3818,0.30544
join shri ⁦ along with lakhs people throughout the country for the movement ,0.296,0.2368
"how can compare modi lion tiger
modi pure vegetarian
lion pure nonveg like beef most all hav compare compare with",0.3612,0.28896000000000005
has given clean chit modi his address mission shakti more details ,0.4019,0.32152000000000003
the last years narendra modi has transformed corrupt system leading clean administration explains some the big changes ,0.4019,0.32152000000000003
questions get here support answer are sanghi any bjp leaders family registered member any organisation linked bjp then bjp its for modi belive modi vote for modi ,0.4019,0.32152000000000003
when modi says they have confiscated 14000 crores worth assets yours why are you paying the banks then anyhow modi says its been recovered  ,0.3818,0.30544
1st you congressi ppl decide who started this program nehru manmohan singh credit goes modi ☝️,0.3818,0.30544
"lok sabha elecctions nda govt committed assam accord modi says download the toi app now
",0.2732,0.21856
this guy who masquerades journalist clearly pandering right what else can you explain this modi muslim story ,0.4019,0.32152000000000003
its god responsibility arrange jobs not modi ,0.2732,0.21856
nice that why like him criticize all major leaders instead only concentrating modi,0.4019,0.32152000000000003
modi has shared money numbers for all which govt did upa shwed some figurs only during budget allocations,0.34,0.272
"north east people know the real smell the root not artificial smell today amit shah said chowkidar not chor its pure
its sure again again modi
bandemataram",0.3182,0.25456
bro since you yourself has realized what the capabale why don’ you spread how these process works there are lot misguided ppl who are not aware the government benefits and schemes not saying spread propaganda modibjp but the govt schemes,0.2892,0.23136
"rahul gandhi orop congress provided 500 crores promised for years took modi deliver and the real cost 12000 crores and his promises not mean thing
when going pay taxes along with vadra and stop ripping off tax payers with ois",0.3612,0.28896000000000005
yogendra you have sense fair whose behalf you target modi are you paid for just you are just habitual,0.3182,0.25456
hopefully modi will snyasi,0.4019,0.32152000000000003
well comments  modi press conference democracy 201419 via ,0.2732,0.21856
these chowkidaars top and intelligent ,0.5859,0.46872
narendra modi has made cristal clear that wants take everyone serve the nationbut chowkidar alert,0.5859,0.46872
congress led upa government did not permit scientists launch mission shakti now modi has shown courage permit our scientists carry out the test previous government was spineless government,0.4939,0.39512
"modi divine gift nation says union minister harsh vardhan
",0.5574,0.44592000000000004
narendramodi dear narendra modi self parth pandya from gujarat request you sir pls make rule for voters people allowed cast their votes from which ever place they find themselves atsome times people have move for their job,0.4404,0.35232
has been proved all standards the scales such has been established beyond reasonable doubts that congress rahul gandhi involved the defence deal scams many more scams but our modi honest all respects modi hai mumkin hai ,0.4684,0.37472
trust army modi,0.5106,0.40848000000000007
chowkidars are for service rich people modi just doing that,0.5574,0.44592000000000004
dont just talk you something say come with facts accusations allegations without facts doesnt become real unless proved name one scam modi which you guys have proved until now bet you dont have criticism good for good governance but not abuse,0.5426,0.43408
prove luv for country one must modi bhagati bjp never dare question their goverment nothing new hearing this frm 5yr vaissea bhi this party consider christianmuslim 2nd citizen,0.481,0.38480000000000003
"the entire fleet helicopters bjp elections for free the rise modi and adani group quite story
moving ises believe what wrote that the cost ises were static this raised the cost for planes rest you would know abt more sir",0.5106,0.40848000000000007
one the world leading intellectual linguist madam case you didnt know his works are used theoretical computer science also,0.5106,0.40848000000000007
are proud our prime minister modi,0.4767,0.38136000000000003
“defeat modi else will prime minister for ever” the fear just amazing  when yoi dont work and waste your mandate 6770 seats ⁦ knows their time done ,0.4464,0.35712000000000005
leave shahid siddiqui aside have known popular muslim scholar from kerala very popular don’ want name him here tells media don’ remember gujarat riots happened when modi was went for sufi world meet with for validation anything can swallowed wonder,0.4509,0.36072000000000004
modi plays around toys with swamyramjaitely these three are useful they know intricacies delhi durbar the lobbies the wheelerdealer they are not eliminated just play around with them turns modi did that exactly learnt working delhi silos,0.4337,0.34696
here are 200 reasons vote modi rate interest higher education loans dropped from 1475 2013 1088 2019 savings 118 lakh lakh loan over tenure months 2000 savings emi,0.4588,0.36704000000000003
the yesterday slammed for comparing three liquor saying that doing has made fun the entire and should apologize the people for ,0.5719,0.45752
"next underwater trust indian navy ⁦ ready
surgical strikes land sky and space says modi meerut rally ",0.5106,0.40848000000000007
akhilesh yadav downplays the success says china has done this before heights frustration india wouldve surpassed china every sphere had strongwilled like modi since independence,0.4767,0.38136000000000003
proud our scientists and salute modi ,0.4767,0.38136000000000003
this very controversial technology not much nuke but definitely require backing from the govt ahead modis address nation was must india has make its points for international community too china and pak have already shown concerns,0.486,0.38880000000000003
"welcome
modi odisha

",0.4588,0.36704000000000003
journo bjp must careful about jains times now times now has joined mukesh ambanis cnn18 puries india today maligning modi bjp high time bjp boycott times now want win 2019,0.5267,0.42135999999999996
better than modi way,0.4404,0.35232
seems like imran khan taking lion order situations more seriously than our cute modi ,0.5434,0.43472
dogs will bark and will job not feku hate monger and lier like modi15 lakh jumpa 35rs petrol income tax smart cities bullet train highest unemployment rate years his rule will not waste vote idiots and hate mongers,0.446,0.3568
madam your victory confirming now positive environment tuticorin which created local citizens bjp allies workers only paid medias are supporting kanimozhi anti nationals will fix rate 100cr 500cr dont bow honest bcos modi bakht ,0.542,0.43360000000000004
proud our prime minister narender modi jai hind ,0.4767,0.38136000000000003
question modi our isro drdo and hal have good scientist and engineers why did gave rafaela deal reliance company,0.4404,0.35232
modi only want show his glamour styles youngs acts for flirt nothing has aim,0.5719,0.45752
this guy vowed run naked modi won 2014 from varanasi tweet deleted now ,0.5719,0.45752
narendra modi the real leader who changing india the changemaker the messiah the hero,0.5574,0.44592000000000004
modi alliance with admk has safe guarded and runs govt with bunch corrupt crooks everybody knows yeddi saint the per capita income growth for the last years lower than the avg growth previous year unemployment its highest ,0.4588,0.36704000000000003
pmopm modi address live prime minister congratulates drdo scientists mission shakti’ success ,0.5719,0.45752
people want modi real tiger decade family can relex for next five yes,0.4588,0.36704000000000003
why supporting narendra modi because commoner have experience dealing with bureaucracy under upa regime and nda regime ् ा ै ,0.4404,0.35232
modis wife safe and sound think about your wives,0.4404,0.35232
wait milan supporting ubi next time you say modi not passing reforms take second slap yourself,0.5423,0.43384
"problem with liberals any success namo credit scientists army airforce buerocract
2any failure blame namo wonder they are loosing their credibility
one thing they not understandmore they mock modi his popularity will rise exponentially",0.5158,0.41264000000000006
"modi the son prostitute doesnt stop threatening pakistan
father modi has nothing with his birth hindustan times claims",0.5667,0.45336
saw your interview journwas questioning the release timing movie modii belive movies are produced with commercial purpose and now the perfect time commercially2ndly state elections haryana ाा््रjk later this ,0.5106,0.40848000000000007
congress playing soft hindutva card with priyanka gandhi vadras ayodhya visit ram mandir still big issue ground level interesting fact modi never visited ayodhya last years ,0.5423,0.43384
shaktiman modiji modis address the successful test the the antisatellite asat missile ,0.5859,0.46872
see nszardarialtaf hussainfazlurahmanptmblamodiashraf ghanindsciarawmossad and hizbushaitaan rejoicing against this one man army,0.5859,0.46872
"narendra modis speech india successfully shoots down live satellite space download the toi app now
",0.4939,0.39512
hope not like another modi promise,0.4749,0.37992000000000004
pls dont shit here modi will construct you very good quality toilet made india sanitarywares,0.7519,0.60152
proud for our respected modi sirjay hindbharat mata jay,0.7351,0.58808
you are indian prim minister dont west our money your bjps political rallies think about country dont think about bjp party thank you ,0.6369,0.5095200000000001
"support modi for what has done make india powerful country the world
",0.6705,0.5364
kindly ensure that this doesnt flop like the lakh every bank account scheme modi had come with ,0.6933,0.55464
please read this thread and see what absolute danger india modi utterly capable gifting chunks india his crony friends and hes already doing ,0.5984,0.47872000000000003
bhai this guy worked hard proved his worth thats how got ticket youth admires his work was only that then why one from modi’ family given ticket pls explain other hand karti who out bail gets congress ticket why,0.7579,0.6063200000000001
think dont know wat the sacrifices its gud knw grandpa and dad were army they know the value dis sacrifices modi sacrifices his own family and dedicated his life got india got dont spoil grandpa dad dignity posting nonsense twit,0.6597,0.52776
"but modi the most powerful among them
this year muslim countries association invited indias foreign minister first time while pak was out
ोी ी ैं ो ुि ै।",0.6297,0.5037600000000001
modiji has done justice all castestudents whether uppercastes obc scst even muslim traderso muslin women through talaq act and reservations all castestudents scst amendment override done and obc constitution recognised and hope modi jio lives,0.743,0.5944
agree better neutral against modi gauge public mood,0.6597,0.52776
also trying hard but the other hand its ,0.6249,0.49992000000000003
"the has the advantage narendra modis positive appeal among the middle class who constitute large section the electorate the south seat
",0.6808,0.54464
vikas yatra transformative economic growth via thanks ,0.6705,0.5364
"what are you questioning modi govt aadhaar has been boost this govt can ask them and its about voter ids then trust you should never raise question election commission
and even arya are also infiltrators means dravid are real indians",0.6808,0.54464
only rich can dream under narendra modis rule rahul gandhi rajasthan ,0.6808,0.54464
"india needs modi
otherwise have such waste leaders like
babu
jagan
mayawathi
mamta
devagowga
rahul
akhilesh
mulayam
newsx went lucknow and ask people opinion what they are saying stunning
majority wants modi
one person says dont have any option
modi the best",0.7579,0.6063200000000001
please advise your leader stop mocking for every thing modi doing the best interest our nation once even mocked swach bharath sbhiyan which one the noble accomplishment modi government,0.743,0.5944
target joke modi using world theater day definitely shaming whole artists group what say ,0.5994,0.47952000000000006
"tomorrow modi will say after using washroom forgot flash congress will say nehru did
thanks nehru who soiled such kind bakwas creatures",0.743,0.5944
"quite interesting news was waiting for russian statement since asat launch now indian people will see modis masterstoke yet come please wait patiently
still waiting for israel statement",0.6478,0.51824
vote such party and leadershipwho can take fast and firm action none other than narendra damodardas modi and bjp party ,0.6597,0.52776
the wise guys were telling that modi such clever man for not going after sonia and gandhi and sleeping their deeds because they were prosecuted they would have got sympathy vote,0.7184,0.57472
’ for our nation kindly request all opponent speakers unilaterally vote for mrmodi led nda government mrnarendra modi being the first citizen india reserves and deserves publish the milestones achieved behalf drdo and our esteemed scientists,0.7269,0.58152
"well isnt this how social media platform work study reveals modi engaged sachin tendulkar and amitabh bachchan twitter increase visiblity
",0.7269,0.58152
country saved from modishaw dictatorship kejriwal modi and shaw are manipulatorsthey play mind games cbn,0.6369,0.5095200000000001
fuel wave favour modi not pappu understand keralites educated intelligent ,0.7096,0.5676800000000001
loans worth 272 lakh waived modi for his crony capitalist friends that was our tax money now there will proper distribution and ask modi,0.6124,0.4899200000000001
india has created history today this man possessed jst was telecasted sm1 pls tell him being the leader one has keep 130cr ppl aware evrythng happening around has praise the scientists behalf the entire nation ,0.7096,0.5676800000000001
what intellectual media will never tell you modi conducted surgical strike space protect india from invading muslim aliens,0.6597,0.52776
"hame kya karna hai aap jaise log hame mat batao
modi best and modi going come back whether you live not
",0.6369,0.5095200000000001
not worry wont win another century next time stick modi upto 2100 lutcha congis comes near your vehicle,0.6045,0.48360000000000003
the best them all ,0.6369,0.5095200000000001
another day modis paradise ,0.6369,0.5095200000000001
"this scheme very good but the congress government comes then necessary make sure that implemented properly
because government have seen that implementing plans not big deal ",0.6183,0.49463999999999997
kcr should share his vision for india wants federal front center needs let people know what going offer for the country chest thumping karimnagar alone won’ help india ,0.5994,0.47952000000000006
this kind false and stupid sense superiority inculcated many indians gives the indication that one more term for modi will sufficient ensure indian societys implosion,0.6124,0.4899200000000001
also modi contested from varanasi boost bjps chances which were not bright till then while congress already strong kerala,0.6591,0.5272800000000001
love srk and support modi see any problem with that,0.6369,0.5095200000000001
did you learn throw about figures mindlessly like your master pappu the congress culture generously give loans their cronies and then waive them off later under this govt from mallya nirav modi each defaulter being caught hold and dues recovered,0.6486,0.51888
please vote for modi until completes all his promises,0.5994,0.47952000000000006
narendra modi was charge the department space like pragati proactive governance and timely implementation modi has himself taken the responsibility key projects and initiatives vote for rising india vote for modi jai hind  ,0.6486,0.51888
congratulations narendra modi and his team now india becomes space power prod indian now narendra modi not only chokidar india chokidar the whole universe ,0.5994,0.47952000000000006
modi its best ,0.6369,0.5095200000000001
modi always best,0.6369,0.5095200000000001
hinduism doesnt need marketing salespersons thrives acceptance belief people can etc and still can hindus its not owned person concept god,0.6249,0.49992000000000003
wait for minimum more years all love modi and his good decision taken towards our country you should stop talking rubbish,0.7322,0.58576
"power indias development modi govt empowering poor with easy access bank loans which used the preserve rich and well connected 155 crore mudra loans were given small entrepreneurs
via namo app",0.6705,0.5364
tejasvi played active role narendra modis 2014 lok sabha elections campaign organising and addressing public meetings across the country ,0.6249,0.49992000000000003
all indians feel proud that are going the most powerful the world the devoted contribution our scientists under the able guidance narendra modi,0.8357,0.66856
auntiji thousand times better than thoughtsin heart than rabble rouser modi jiwhat brief spreading half truthsbigotry,0.7964,0.63712
great achievement indian government special thanks modi sir ,0.8658,0.69264
about the political fuss modi clamming the success just for addressing means that even mangalyaan mission success should also claimed modi for just addressing not manmohan singh ,0.8126,0.65008
"but pappu liking this low inflation nowwhich would brought down many hard work good policies modi govt
this pappu promising increase the inflation",0.8817,0.7053600000000001
love malayalis tamilians kannadigas telugu people bengalis maharahtrians punjabis kashmiris gujaratis biharis and all indians like that when modi and shah annex pakistan india they give permission love lahoris karachiites peshawaris pashtuns etc,0.8979,0.7183200000000001
modi seems very confident 300 while dont share the optimism hope for the best ,0.7817,0.62536
this really proud moment for india now came 4th after china russia congratulations drdo for operation sakti well done narendra modi for giving solid back support,0.9336,0.74688
great modi great,0.8481,0.67848
and his bjp friends with pakistan birthday wish karne waha chale jaate chacha biryani khaane nirav modi vijay mallaya mehul choksi such scamsters whom you helped flee from country with friends like those can public interest served  ,0.9246,0.73968
" became possible because modi government tried its best trust make india which was being mocked libtards accept ✌️not like upa which believes distribution freebies jawaharlal nehru shri
nehru russia and china ",0.9201,0.7360800000000001
"oppositionwhy give credit modithese missions were accomplished scientistsr brave forces
yes moronsbut same brave soldierscapable scientists capabilty were there during upa too then why didn’ they anything",0.9325,0.746
modi this election lok sabha campaign feels honour avail the services honourable president india and his excellency rajasthan too against law and under the garb satellite ,0.8834,0.70672
"just watch fun
modi will win election
huh",0.7964,0.63712
"
india salutes our brave security forces for successful operations balakot have complete trust our forces and that why gave our forces free hand act says modi via namo app billions salutes all armed forces jaihind vandemataram",0.9607,0.76856
these 100 film makers are hired you just like your award waapsi gang sure that after loksabha election results declared these film makers would making sequels biopics modi ,0.8074,0.64592
"rojgaar ghar uthakar nahi diye jaate modi created opportunities and only the eligible ones can get the chance anparon bhatta deke congress apni taraf karna chahti hai kynki velle hain free paise updrav karne kaam ayenge
earn with self respect",0.9001,0.72008
his only qualification llm lots love for modi you win set example saying and doing good things wish you success,0.9538,0.76304
have only one heart how many times gona win modi ,0.8402,0.67216
india proud shri modi super leader who having courage take strong and decisive decision equally proud drdo and out scientist too,0.9552,0.7641600000000001
the original vedio does not matter all modi had spoken with the intention that would successful bringing back all the black money swiss bank account and said lakh out optimism practice difficult bring money the law the land does not permit,0.7921,0.63368
how useful and enlightening would for modi ponder over and learn how safeguard constitution  ,0.8316,0.6652800000000001
even before was given ticket people like age yrs are promoting modi devoting hours day for namo service because want make india better,0.8834,0.70672
copied this tweetpasted group telecom employeestelecom sector despite being top job cutter past last years you can see the love for among employees sharing the only screen whatsapp group the josh maximum sure ,0.8275,0.662
modi giving only that amount which india can bear without any burden the way developmentyou seems educated please use your intelligence and vote for development and strong government please dont believe fools statement,0.9471,0.7576800000000001
narendra damodar modi you did what other could ever years you taught realize the value our freedom understood why nehru was the best what gdp why rbi prints currency ,0.8957,0.7165600000000001
ravi thanks for liking this tweet even thought want imagine modi wud handling ruling govt whn sits opposition sure dis thought has come out from fact dat modi does not answer straight forward whn opposition questions,0.7604,0.60832
"present state anybody can prime minister that much joke the india position has become
modi can continue chowkidar per his wish peace",0.8126,0.65008
modi does indulge marketing glorifying achievements etc but good with because promotes healthy competition for performance among parties its better than politics caste religion and appeasement ,0.9643,0.7714400000000001
would like convey heartfelt thanks our narendra modi sir well the scientists drdo for mission shakti,0.875,0.7000000000000001
thats what great nation like india can when has leader like modi leading front jai hind,0.8442,0.67536
"rahul gandhi sonia gandhi bail corruption cases trying bribe the voters
please vote for narendra modi for better strong corruption free hindustan ",0.875,0.7000000000000001
priyanka good story teller she should tell about her granny’ ‘garibi hatao’ emergency nagarwalla bofors other stories also people and stories how vadra became super rich jiffy they will interesting stories modi can back his achievements with facts,0.8885,0.7108
"this wily man has his belly blown his intention not national security concern but that modi gets advantage
out heart burn suggests keep secret not elections would never have even talked",0.8308,0.66464
happy birthday loved your remake narendra modi love see accidental the same line,0.91,0.7280000000000001
"ashley tellis modis big successes namely strengthened ties with saudi uae while avoiding saudiiran rivalry japan adds fourth agree with bangladesh
lanka maldives also improved mainly due govt change",0.8625,0.6900000000000001
you people are hypocrites modi contests from two seats then not confident and searching safe seat but rahul does its leader trying win waah the hypocrisy defend the dynasty just remarkable,0.9049,0.7239200000000001
congratulations great achievement modi hai sambhav hai,0.8402,0.67216
lakhs people hailing from samba poonch attended jis rally dumi akhnoor today much enthusiasm people see modi again thanks our beloved well who chose jammu start with his election campaign ,0.8807,0.7045600000000001
and yes best luck for the resident galimpur dariyatikar can assure voting for ,0.9062,0.72496
"proud indian
great achievement  congrats india
modi hai sab possible hai",0.891,0.7128000000000001
you are absolutely awesome person and are proud you dear you have won millions hearts with your debates and knowledge chanels god bless you all the success life and and coming elections serve bharti jai hind jai bjp jai modi ,0.9792,0.7833600000000001
said that the government dedicated the vision new bharat ensure security the country and improve living standards govt dedicated vision new bharat modi india news times india ,0.9423,0.7538400000000001
"• • • • •
come witness the journey common man which will truly inspire you watch the exclusive official trailer modi –… ",0.7964,0.63712
modi contesting from only one seat just asking modi had won from vadodara and varanasi 2014 won both and chose vacate vadodara,0.8126,0.65008
super sir all the best jai bjp jai modi ,0.8442,0.67536
not bloody stupid follower single family single party single leader today with modi ill continue till find someone better than him ,0.7895,0.6316
"modi one the parliamentary sessions spoke abt congress party anyone tries grow the partythey are suppressed like morarji desaipranab mukherjee sharad pawar etc
what have your party done advani ",0.7845,0.6276
"would have rejected this promoted story but that really true quote the image heres the exact news article would definitely like see nonbjp noncongress government they both have done nothing for the progress this nation
",0.8367,0.6693600000000001
